450465,Glass
424694,Bohemian Rhapsody
480530,Creed II
401469,Widows
504172,The Mule
452832,Serenity
483906,Polar
332562,A Star Is Born
433249,IO
505954,Т-34
369972,First Man
401847,Can You Ever Forgive Me?
375262,The Favourite
490132,Green Book
465914,If Beale Street Could Talk
429197,Vice
337167,Fifty Shades Freed
405774,Bird Box
487558,BlacKkKlansman
443055,Love of My Life
446021,Bad Times at the El Royale
399360,Alpha
210577,Gone Girl
440626,Собибор
263115,Logan
489999,Searching
484247,A Simple Favor
157336,Interstellar
414919,Hart Beat
426426,Roma
451915,Beautiful Boy
458594,Peppermint
155,The Dark Knight
447332,A Quiet Place
455207,Crazy Rich Asians
315635,Spider-Man: Homecoming
407436,Mowgli: Legend of the Jungle
286217,The Martian
400535,Sicario: Day of the Soldado
316029,The Greatest Showman
272,Batman Begins
514619,Nobody's Fool
150540,Inside Out
466411,Speed Kills
49026,The Dark Knight Rises
537996,The Ballad of Buster Scruggs
12162,The Hurt Locker
470044,The Hate U Give
516716,Milly & Mamet
491472,At Eternity's Gate
194662,Birdman
244786,Whiplash
242582,Nightcrawler
384018,Fast & Furious Presents: Hobbs & Shaw
446101,Assassination Nation
205596,The Imitation Game
49017,Dracula Untold
489930,Blindspotting
119450,Dawn of the Planet of the Apes
399055,The Shape of Water
168259,Furious 7
254128,San Andreas
340613,The Wife
475132,A Private War
454227,Outlaw King
520360,King of Thieves
8966,Twilight
16869,Inglourious Basterds
11324,Shutter Island
228150,Fury
438808,White Boy Rick
375785,Then Came You
429351,12 Strong
398173,The House That Jack Built
374720,Dunkirk
216015,Fifty Shades of Grey
361292,Suspiria
68718,Django Unchained
359940,Three Billboards Outside Ebbing, Missouri
500852,Miss Bala
65754,The Girl with the Dragon Tattoo
392044,Murder on the Orient Express
49047,Gravity
372058,君の名は。
222935,The Fault in Our Stars
106646,The Wolf of Wall Street
566100,Keluarga Cemara
333371,10 Cloverfield Lane
419743,Disobedience
58595,Snow White and the Huntsman
150689,Cinderella
334543,Lion
62764,Mirror Mirror
168508,Something in the Way
264660,Ex Machina
455980,Tag
468362,The Angel
381284,Hidden Figures
449176,Love, Simon
406997,Wonder
273481,Sicario
457136,Mary Queen of Scots
329865,Arrival
312221,Creed
472451,Boy Erased
1124,The Prestige
462391,ஆண் தேவதை
569547,Black Mirror: Bandersnatch
147441,Exodus: Gods and Kings
152601,Her
281338,War for the Planet of the Apes
440472,The Upside
446354,The Post
17979,A Christmas Carol
456929,Campeones
281957,The Revenant
169917,A Walk Among the Tombstones
438145,Black '47
395841,Hold the Dark
425972,Cargo
350,The Devil Wears Prada
459910,Braven
273248,The Hateful Eight
398818,Call Me by Your Name
176147,Heimliche Liebe - Der Schüler und die Postbotin
61791,Rise of the Planet of the Apes
476292,さよならの朝に約束の花をかざろう
573945,Rose England
315837,Ghost in the Shell
396371,Molly's Game
389015,I, Tonya
440161,The Sisters Brothers
120467,The Grand Budapest Hotel
451925,Time Freak
429203,The Old Man & the Gun
417261,Forever My Girl
391713,Lady Bird
381283,mother!
1422,The Departed
470894,At First Light
11036,The Notebook
496274,The Thinning: New World Order
464502,Acrimony
433498,Papillon
241554,Run All Night
340666,Nocturnal Animals
346672,Underworld: Blood Wars
38,Eternal Sunshine of the Spotless Mind
313369,La La Land
487670,The Death of Superman
324786,Hacksaw Ridge
401905,Fahrenheit 451
401545,Todos lo saben
254,King Kong
335797,Sing
433683,Қазақ хандығы. Алмас қылыш
492258,Cocaine Godmother
568709,Preman Pensiun
489931,American Animals
341174,Fifty Shades Darker
399404,Darkest Hour
395834,Wind River
121046,ชั่วฟ้าดินสลาย
443009,Don't Worry, He Won't Get Far on Foot
339103,Gotti
307081,Southpaw
11130,The Princess Diaries 2: Royal Engagement
76203,12 Years a Slave
112160,Chroniques sexuelles d'une famille d'aujourd'hui
505436,Qu'est-ce qu'on a encore fait au bon Dieu ?
787,Mr. & Mrs. Smith
24021,The Twilight Saga: Eclipse
296096,Me Before You
429415,Extinction
465136,Every Day
530442,My Teacher, My Obsession
87827,Life of Pi
340674,Dark Crimes
500919,211
507076,Climax
18239,The Twilight Saga: New Moon
458737,First Reformed
1949,Zodiac
400617,Phantom Thread
419478,Midnight Sun
265208,Wild Card
154400,The Drop
474354,22 July
491584,버닝
278927,The Jungle Book
4922,The Curious Case of Benjamin Button
346685,The Girl on the Train
449459,The Vanishing
379149,The Foreigner
50620,The Twilight Saga: Breaking Dawn - Part 2
258216,Nymphomaniac: Vol. I
395990,Death Wish
399905,여자전쟁: 비열한 거래
10184,He's Just Not That Into You
283366,Miss Peregrine's Home for Peculiar Children
45269,The King's Speech
500475,SuperFly
472734,Dumplin'
2503,The Bourne Ultimatum
319888,Eddie the Eagle
15472,Män som hatar kvinnor
384680,Hostiles
467952,The Catcher Was a Spy
448776,A Prayer Before Dawn
429417,Ghost Stories
398181,You Were Never Really Here
13223,Gran Torino
414191,Our House
502682,Book Club
561,Constantine
37799,The Social Network
314365,Spotlight
462919,Sierra Burgess Is a Loser
489929,Destination Wedding
274857,King Arthur: Legend of the Sword
6977,No Country for Old Men
6479,I Am Legend
460071,Lizzie
254172,Fathers and Daughters
652,Troy
27022,The Sorcerer's Apprentice
385332,Terminal
44214,Black Swan
376660,The Edge of Seventeen
82693,Silver Linings Playbook
146233,Prisoners
406990,What Happened to Monday
77338,Intouchables
253412,Everest
2502,The Bourne Supremacy
64682,The Great Gatsby
205587,The Judge
70,Million Dollar Baby
338766,Hell or High Water
303858,Money Monster
378064,聲の形
301337,Downsizing
438650,Cold Pursuit
395992,Life
207932,Inferno
243683,Step Up All In
388,Inside Man
72190,World War Z
201088,Blackhat
168672,American Hustle
1417,El laberinto del fauno
418827,젊은 형부
124905,Godzilla
31011,Mr. Nobody
440298,Zimna wojna
376867,Moonlight
122906,About Time
68817,Footloose
350312,Baahubali 2: The Conclusion
10947,High School Musical
339692,Shot Caller
453201,The 15:17 to Paris
400579,Tully
432301,Chappaquiddick
419831,I Kill Giants
227156,The Giver
12405,Slumdog Millionaire
363676,Sully
75780,Jack Reacher
4982,American Gangster
375366,The Girl with All the Gifts
533148,एक लड़की को देखा तोह ऐसा लगा
1402,The Pursuit of Happyness
395991,Only the Brave
53182,300: Rise of an Empire
449924,葉問4
84892,The Perks of Being a Wallflower
413362,Roman J. Israel, Esq.
254320,The Lobster
68734,Argo
503346,Occupation
68724,Elysium
22972,Green Zone
109424,Captain Phillips
385360,Billionaire Boys Club
445954,Acts of Vengeance
321741,Concussion
369523,The Tale
575185,Den gula jackan
370663,Below Her Mouth
261470,Perdona si te llamo amor
171274,Inherent Vice
220882,London Fields
369885,Allied
486947,Den skyldige
470229,Summer of 84
396461,Under the Silver Lake
510284,Braid
484901,Frères Ennemis
41233,Step Up 3D
399170,Logan Lucky
1966,Alexander
446791,All the Money in the World
295011,Patient Zero
19913,(500) Days of Summer
23168,The Town
75174,The Grey
290595,The Huntsman: Winter's War
2253,Valkyrie
46738,Incendies
421792,Down a Dark Hall
286565,Paper Towns
11322,Public Enemies
8982,ต้มยำกุ้ง
302946,The Accountant
7485,Shooter
8456,Never Back Down
5915,Into the Wild
338768,Please Stand By
157353,Transcendence
82695,Les Misérables
493551,Operation Finale
64690,Drive
332567,The Shallows
13649,High School Musical 2
296098,Bridge of Spies
483184,Dogman
123553,The Mortal Instruments: City of Bones
244761,The Captive
393519,Grave
517331,El reino
9509,Man on Fire
9339,Click
543711,Carmen - Met Opera Live
339988,The Circle
24253,Flickan som lekte med elden
381289,A Dog's Purpose
11887,High School Musical 3: Senior Year
491418,Instant Family
7326,Juno
530081,The Man Who Killed Hitler and Then the Bigfoot
334541,Manchester by the Sea
454652,Colette
68722,The Master
20533,Jonah Hex
508763,A Dog's Way Home
353070,Going in Style
38810,Κυνόδοντας
11321,Seven Pounds
7350,The Bucket List
